{"cameraMode":{"drawMode":0,"name":"Shaded","section":"Shading Mode"},"sceneLighting":false,"audioPlay":false,"sceneViewState":{"showFog":false,"showMaterialUpdate":false,"showSkybox":false,"showFlares":false,"showImageEffects":false,"showParticleSystems":false},"in2DMode":false,"pivot":{"x":-0.9900000095367432,"y":1.25,"z":2.5999999046325685},"rotation":{"x":0.22130270302295686,"y":-0.05409181863069534,"z":0.012294929474592209,"w":0.9736263751983643},"size":1.6859714984893799,"orthographic":false}