{"cameraMode":{"drawMode":0,"name":"Shaded","section":"Shading Mode"},"sceneLighting":true,"audioPlay":false,"sceneViewState":{"showFog":true,"showMaterialUpdate":false,"showSkybox":false,"showFlares":true,"showImageEffects":true,"showParticleSystems":true},"in2DMode":false,"pivot":{"x":6.345279693603516,"y":5.351402282714844,"z":-0.6041793823242188},"rotation":{"x":0.1620362102985382,"y":-0.04143189266324043,"z":0.006809525191783905,"w":0.9858931303024292},"size":17.719459533691408,"orthographic":false}