{"cameraMode":{"drawMode":0,"name":"Shaded","section":"Shading Mode"},"sceneLighting":false,"audioPlay":false,"sceneViewState":{"showFog":true,"showMaterialUpdate":false,"showSkybox":false,"showFlares":true,"showImageEffects":true,"showParticleSystems":true},"in2DMode":false,"pivot":{"x":-0.18475341796875,"y":-0.0589599609375,"z":-0.04462432861328125},"rotation":{"x":0.145624041557312,"y":-0.6998217105865479,"z":0.14916183054447175,"w":0.6832242608070374},"size":0.2130967378616333,"orthographic":true}