{"cameraMode":{"drawMode":0,"name":"Shaded","section":"Shading Mode"},"sceneLighting":false,"audioPlay":false,"sceneViewState":{"showFog":true,"showMaterialUpdate":false,"showSkybox":false,"showFlares":true,"showImageEffects":true,"showParticleSystems":true},"in2DMode":false,"pivot":{"x":-14.900354385375977,"y":6.18754768371582,"z":-16.398693084716798},"rotation":{"x":0.0976627990603447,"y":-0.9019662141799927,"z":0.28346410393714907,"w":0.31075698137283327},"size":39.23312759399414,"orthographic":false}