{"cameraMode":{"drawMode":0,"name":"Shaded","section":"Shading Mode"},"sceneLighting":false,"audioPlay":false,"sceneViewState":{"showFog":true,"showMaterialUpdate":false,"showSkybox":false,"showFlares":true,"showImageEffects":true,"showParticleSystems":true},"in2DMode":false,"pivot":{"x":-0.025742709636688234,"y":0.040050894021987918,"z":0.04381304979324341},"rotation":{"x":-0.12105104327201843,"y":0.049408502876758578,"z":-0.0060328394174575809,"w":-0.9913973808288574},"size":0.6028986573219299,"orthographic":false}