{"cameraMode":{"drawMode":0,"name":"Shaded","section":"Shading Mode"},"sceneLighting":false,"audioPlay":false,"sceneViewState":{"showFog":true,"showMaterialUpdate":false,"showSkybox":false,"showFlares":true,"showImageEffects":true,"showParticleSystems":true},"in2DMode":false,"pivot":{"x":-0.015708327293395997,"y":1.6552376747131348,"z":-0.07347190380096436},"rotation":{"x":-0.12105104327201843,"y":0.049408502876758578,"z":-0.0060328394174575809,"w":-0.9913973808288574},"size":2.127026081085205,"orthographic":false}