{"cameraMode":{"drawMode":0,"name":"Shaded","section":"Shading Mode"},"sceneLighting":false,"audioPlay":false,"sceneViewState":{"showFog":true,"showMaterialUpdate":false,"showSkybox":false,"showFlares":true,"showImageEffects":true,"showParticleSystems":true},"in2DMode":false,"pivot":{"x":2.385734796524048,"y":2.749030828475952,"z":-8.96603012084961},"rotation":{"x":0.002441487740725279,"y":0.9800311326980591,"z":-0.1984679400920868,"w":0.012055858969688416},"size":1.0307763814926148,"orthographic":false}